{
	"info": {
		"_postman_id": "b650ac3f-b55a-4f3d-9fef-5ebf0742cd5f",
		"name": "DATAMART",
		"schema": "https://schema.getpostman.com/json/collection/v2.1.0/collection.json",
		"_exporter_id": "22564480"
	},
	"item": [
		{
			"name": "localhost:9898/v1/AutorEditorCuentasProducciones",
			"request": {
				"method": "GET",
				"header": [],
				"url": {
					"raw": "localhost:9898/v1/AutorEditorCuentasProducciones",
					"host": [
						"localhost"
					],
					"port": "9898",
					"path": [
						"v1",
						"AutorEditorCuentasProducciones"
					]
				}
			},
			"response": []
		},
		{
			"name": "localhost:9898/v1/CuentasProducciones",
			"request": {
				"method": "GET",
				"header": [],
				"url": {
					"raw": "localhost:9898/v1/CuentasProducciones",
					"host": [
						"localhost"
					],
					"port": "9898",
					"path": [
						"v1",
						"CuentasProducciones"
					]
				}
			},
			"response": []
		},
		{
			"name": "localhost:9898/v1/FrecuenciaProducciones",
			"request": {
				"method": "GET",
				"header": [],
				"url": {
					"raw": "localhost:9898/v1/FrecuenciaProduccionesAnos",
					"host": [
						"localhost"
					],
					"port": "9898",
					"path": [
						"v1",
						"FrecuenciaProduccionesAnos"
					]
				}
			},
			"response": []
		},
		{
			"name": "localhost:9898/v1/ProfesoresAlumnosPrincipales",
			"request": {
				"method": "GET",
				"header": [],
				"url": {
					"raw": "localhost:9898/v1/ProfesoresAlumnosPrincipales",
					"host": [
						"localhost"
					],
					"port": "9898",
					"path": [
						"v1",
						"ProfesoresAlumnosPrincipales"
					]
				}
			},
			"response": []
		},
		{
			"name": "localhost:9898/v1/ProduccionesGenerales",
			"request": {
				"method": "GET",
				"header": [],
				"url": {
					"raw": "localhost:9898/v1/ProduccionesGenerales",
					"host": [
						"localhost"
					],
					"port": "9898",
					"path": [
						"v1",
						"ProduccionesGenerales"
					]
				}
			},
			"response": []
		},
		{
			"name": "localhost:9898/v1/AutoresEditoresDatamart",
			"request": {
				"method": "POST",
				"header": [],
				"body": {
					"mode": "raw",
					"raw": "    {\n        \"profesor_alumno\": true,\n        \"autorEditor\": true,\n        \"nombre\": \"Nombre1\",\n        \"apellidoPaterno\": \"APELLIDO1\",\n        \"apellidoMaterno\": \"APELLIDO2\",\n        \"editorial\": null\n    }",
					"options": {
						"raw": {
							"language": "json"
						}
					}
				},
				"url": {
					"raw": "localhost:9898/v1/autorEditorDatamartFind",
					"host": [
						"localhost"
					],
					"port": "9898",
					"path": [
						"v1",
						"autorEditorDatamartFind"
					]
				}
			},
			"response": []
		},
		{
			"name": "localhost:9898/v1/ProduccionesAcemicasDatamart",
			"request": {
				"method": "GET",
				"header": [],
				"url": {
					"raw": "localhost:9898/v1/ProduccionesAcemicasDatamart",
					"host": [
						"localhost"
					],
					"port": "9898",
					"path": [
						"v1",
						"ProduccionesAcemicasDatamart"
					]
				}
			},
			"response": []
		}
	]
}