{
	"info": {
		"_postman_id": "04ba19f4-b0e3-4412-88ed-fb8199ee22a6",
		"name": "PRODUCCIONES",
		"schema": "https://schema.getpostman.com/json/collection/v2.1.0/collection.json",
		"_exporter_id": "22564480"
	},
	"item": [
		{
			"name": "localhost:9898/v1/Memorias",
			"request": {
				"method": "POST",
				"header": [],
				"body": {
					"mode": "raw",
					"raw": "{\n        \"titulo\": \"Memoria2\",\n        \"nombre\": \"Autor2\",\n        \"primer_apellido\": \"Apellido2\",\n        \"segundo_apellido\": \"Apellido2\",\n        \"titulo_publicacion\": \"Titulopublicacion\",\n        \"pagina_inicio\": 2,\n        \"pagina_fin\": 3,\n        \"fecha_publicacion\": \"2016-01-28\",\n        \"pais\": \"México\"\n}",
					"options": {
						"raw": {
							"language": "json"
						}
					}
				},
				"url": {
					"raw": "localhost:9898/v1/Memoria",
					"host": [
						"localhost"
					],
					"port": "9898",
					"path": [
						"v1",
						"Memoria"
					]
				}
			},
			"response": []
		},
		{
			"name": "localhost:9898/v1/Libros",
			"request": {
				"method": "POST",
				"header": [],
				"body": {
					"mode": "raw",
					"raw": "{\n    \"isbn\" : \"\",\n    \"titulo\" : \"tituloLibro3\",\n    \"pais\":\"México\",\n    \"idioma\": \"español\",\n    \"fecha_publicacion\": \"2019-11-28\" ,\n    \"volumen\": 1 ,\n    \"tomo\": 1,\n    \"doi\": \"doi1\",\n    \"numero_paginas\": 2 ,\n    \"editorial\": \"editorial2\",\n    \"numero_edicion\": 1,\n    \"año_edicion\" : 2000,\n    \"titulo_traducido\" : \"titulo2\",\n    \"idioma_traducido\" :\"Frances\"\n}",
					"options": {
						"raw": {
							"language": "json"
						}
					}
				},
				"url": {
					"raw": "localhost:9898/v1/Libro",
					"host": [
						"localhost"
					],
					"port": "9898",
					"path": [
						"v1",
						"Libro"
					]
				}
			},
			"response": []
		},
		{
			"name": "localhost:9898/v1/Reportes",
			"request": {
				"method": "POST",
				"header": [],
				"body": {
					"mode": "raw",
					"raw": " {\n    \"titulo\": \"reporte1\",\n    \"fecha_entrega\": \"2000-05-02\",\n    \"fecha_publicacion\": \"1998-07-02\",\n    \"numero_paginas\": 2,\n    \"descripcion\": \"un reporte muy padre\",\n    \"objetivos\": \"reportar un reporte\",\n    \"institucion\":\n    {\n        \"id\": 1\n    },\n    \"origenReporte\":\n    {\n        \"id\": 1\n    }    \n }",
					"options": {
						"raw": {
							"language": "json"
						}
					}
				},
				"url": {
					"raw": "localhost:9898/v1/Reporte",
					"host": [
						"localhost"
					],
					"port": "9898",
					"path": [
						"v1",
						"Reporte"
					]
				}
			},
			"response": []
		},
		{
			"name": "localhost:9898/v1/Articulo/1",
			"protocolProfileBehavior": {
				"disableBodyPruning": true
			},
			"request": {
				"method": "GET",
				"header": [],
				"body": {
					"mode": "raw",
					"raw": "{\n    \"doi\": \"doi46\",\n    \"titulo\": \"ARTICULOdePrueba7\",\n    \"fecha_publicacion\": \"2015-06-28\",\n    \"fecha_aceptacion\":\"2015-06-28\",\n    \"pagina_inicio\": 18,\n    \"pagina_fin\": 21,\n    \"revista\": {\n                 \"id\": 1\n               },\n    \"pais\" : \"México\",\n    \"idioma\" : \"Español\"\n\n}",
					"options": {
						"raw": {
							"language": "json"
						}
					}
				},
				"url": {
					"raw": "localhost:9898/v1/Articulo/1",
					"host": [
						"localhost"
					],
					"port": "9898",
					"path": [
						"v1",
						"Articulo",
						"1"
					]
				}
			},
			"response": []
		},
		{
			"name": "localhost:9898/v1/Innovaciones",
			"protocolProfileBehavior": {
				"disableBodyPruning": true
			},
			"request": {
				"method": "GET",
				"header": [],
				"body": {
					"mode": "raw",
					"raw": "{\n    \"nombre\": \"innovacion1\",\n    \"fecha_fin\": \"2013-01-02\",\n    \"descripcion\": \"descripcion acerca de una innovacion muy cool\"\n}",
					"options": {
						"raw": {
							"language": "json"
						}
					}
				},
				"url": {
					"raw": "localhost:9898/v1/Innovaciones",
					"host": [
						"localhost"
					],
					"port": "9898",
					"path": [
						"v1",
						"Innovaciones"
					]
				}
			},
			"response": []
		},
		{
			"name": "localhost:9898/v1/DocumentosReseñas",
			"protocolProfileBehavior": {
				"disableBodyPruning": true
			},
			"request": {
				"method": "GET",
				"header": [],
				"body": {
					"mode": "raw",
					"raw": "{\n    \"documento_reseña\": true,\n    \"titulo\": \"reseña1\",\n    \"fecha_de_entrega\": \"2023-06-28\",\n    \"nombre\": \"autor2\",\n    \"primer_apellido\": \"apellido2\",\n    \"segundo_apellido\": \"apellido3\",\n    \"pagina_inicio\": 1,\n    \"pagina_fin\": 2\n\n}",
					"options": {
						"raw": {
							"language": "json"
						}
					}
				},
				"url": {
					"raw": "localhost:9898/v1/DocumentosReseñas",
					"host": [
						"localhost"
					],
					"port": "9898",
					"path": [
						"v1",
						"DocumentosReseñas"
					]
				}
			},
			"response": []
		},
		{
			"name": "localhost:9898/v1/Desarrollos",
			"request": {
				"method": "POST",
				"header": [],
				"body": {
					"mode": "raw",
					"raw": "{\n    \"nombre\":  \"tipo1\",\n    \"objetivos\": \"varios objetivos\",\n    \"resumen\": \"un resumen de desarrollo\",\n    \"rolParticipacion\":\n    {\n        \n        \"id\": 1\n    },\n    \"tipoDesarrollo\":\n    {\n        \n        \"id\": 1\n    },\n    \"documentoRespaldo\":\n    {\n        \n        \"id\": 1\n    },\n    \"fecha_de_entrega\": \"2015-06-28\"\n    \n}",
					"options": {
						"raw": {
							"language": "json"
						}
					}
				},
				"url": {
					"raw": "localhost:9898/v1/Desarrollo",
					"host": [
						"localhost"
					],
					"port": "9898",
					"path": [
						"v1",
						"Desarrollo"
					]
				}
			},
			"response": []
		},
		{
			"name": "localhost:9898/v1/Autores",
			"request": {
				"method": "POST",
				"header": [],
				"body": {
					"mode": "raw",
					"raw": "{\n\t \"nombre\": \"Autor4\" ,\n     \"primerApellido\": \"Apellido4\",\n     \"segundoApellido\": \"Apellido4\" ,\n     \"profesor_alumno\" : false,\n     \"autor_editor\" : true,\n     \"editorial\": \"editorial1\"\n}",
					"options": {
						"raw": {
							"language": "json"
						}
					}
				},
				"url": {
					"raw": "localhost:9898/v1/AutorEditor",
					"host": [
						"localhost"
					],
					"port": "9898",
					"path": [
						"v1",
						"AutorEditor"
					]
				}
			},
			"response": []
		},
		{
			"name": "localhost:9898/v1/Ordenes",
			"protocolProfileBehavior": {
				"disableBodyPruning": true
			},
			"request": {
				"method": "GET",
				"header": [],
				"body": {
					"mode": "raw",
					"raw": "{\n    \"orden\" : \"\"\n}",
					"options": {
						"raw": {
							"language": "json"
						}
					}
				},
				"url": {
					"raw": "localhost:9898/v1/Ordenes",
					"host": [
						"localhost"
					],
					"port": "9898",
					"path": [
						"v1",
						"Ordenes"
					]
				}
			},
			"response": []
		},
		{
			"name": "localhost:9898/v1/PalabrasClave",
			"request": {
				"method": "POST",
				"header": [],
				"body": {
					"mode": "raw",
					"raw": "{\n    \"id\": 2,\n    \"palabra\": \"hola2\"\n}",
					"options": {
						"raw": {
							"language": "json"
						}
					}
				},
				"url": {
					"raw": "localhost:9898/v1/PalabraClave",
					"host": [
						"localhost"
					],
					"port": "9898",
					"path": [
						"v1",
						"PalabraClave"
					]
				}
			},
			"response": []
		},
		{
			"name": "localhost:9898/v1/ProduccionesArticulos",
			"request": {
				"method": "POST",
				"header": [],
				"body": {
					"mode": "raw",
					"raw": "{\n    \"articulo\": \n    {\n        \"id\" : 2\n    },\n    \"autor\": \n    {\n        \"id\" : 2\n    }, \n    \"orden\": \n    {\n        \"id\": 1\n    }\n}",
					"options": {
						"raw": {
							"language": "json"
						}
					}
				},
				"url": {
					"raw": "localhost:9898/v1/ProduccionArticulo",
					"host": [
						"localhost"
					],
					"port": "9898",
					"path": [
						"v1",
						"ProduccionArticulo"
					]
				}
			},
			"response": []
		},
		{
			"name": "localhost:9898/v1/ProduccionesLibros",
			"request": {
				"method": "POST",
				"header": [],
				"body": {
					"mode": "raw",
					"raw": "{\n    \"libro\": \n    {\n        \"id\" : 1\n    },\n    \"autor\": \n    {\n        \"id\" : 3\n    }, \n    \"orden\": \n    {\n        \"id\" : 1\n    }\n}",
					"options": {
						"raw": {
							"language": "json"
						}
					}
				},
				"url": {
					"raw": "localhost:9898/v1/ProduccionLibro",
					"host": [
						"localhost"
					],
					"port": "9898",
					"path": [
						"v1",
						"ProduccionLibro"
					]
				}
			},
			"response": []
		},
		{
			"name": "localhost:9898/v1/ProduccionesInnovaciones",
			"request": {
				"method": "POST",
				"header": [],
				"body": {
					"mode": "raw",
					"raw": "{\n    \"innovacion\": \n    {\n        \"id\" : 1\n    },\n    \"autor\": \n    {\n        \"id\" : 3\n    }, \n    \"orden\": \n    {\n        \"id\": 1\n    }\n}",
					"options": {
						"raw": {
							"language": "json"
						}
					}
				},
				"url": {
					"raw": "localhost:9898/v1/ProduccionInnovacion",
					"host": [
						"localhost"
					],
					"port": "9898",
					"path": [
						"v1",
						"ProduccionInnovacion"
					]
				}
			},
			"response": []
		},
		{
			"name": "localhost:9898/v1/ProduccionesDesarrollos",
			"request": {
				"method": "POST",
				"header": [],
				"body": {
					"mode": "raw",
					"raw": "{\n    \"desarrollo\": \n    {\n        \"id\" : 1\n    },\n    \"autor\": \n    {\n        \"id\" : 3\n    }, \n    \"orden\": \n    {\n        \"id\": 1\n    }\n}",
					"options": {
						"raw": {
							"language": "json"
						}
					}
				},
				"url": {
					"raw": "localhost:9898/v1/ProduccionDesarrollo",
					"host": [
						"localhost"
					],
					"port": "9898",
					"path": [
						"v1",
						"ProduccionDesarrollo"
					]
				}
			},
			"response": []
		},
		{
			"name": "localhost:9898/v1/ProduccionesMemorias",
			"request": {
				"method": "POST",
				"header": [],
				"body": {
					"mode": "raw",
					"raw": "{\n    \"memoria\": \n    {\n        \"id\" : 1\n    },\n    \"autorEditor\": \n    {\n        \"id\" : 2\n    }, \n    \"orden\": \n    {\n        \"id\": 1\n    }\n}",
					"options": {
						"raw": {
							"language": "json"
						}
					}
				},
				"url": {
					"raw": "localhost:9898/v1/ProduccionMemoria",
					"host": [
						"localhost"
					],
					"port": "9898",
					"path": [
						"v1",
						"ProduccionMemoria"
					]
				}
			},
			"response": []
		},
		{
			"name": "localhost:9898/v1/ProduccionesReportes",
			"request": {
				"method": "POST",
				"header": [],
				"body": {
					"mode": "raw",
					"raw": "{\n    \"id\": 1,\n    \"reporte\": \n    {\n        \"id\" : 1\n    },\n    \"autorEditor\" :\n    {\n        \"id\": 4\n    },  \n    \"orden\": \n    {\n        \"id\": 2\n    }\n}",
					"options": {
						"raw": {
							"language": "json"
						}
					}
				},
				"url": {
					"raw": "localhost:9898/v1/ProduccionReporte",
					"host": [
						"localhost"
					],
					"port": "9898",
					"path": [
						"v1",
						"ProduccionReporte"
					]
				}
			},
			"response": []
		},
		{
			"name": "localhost:9898/v1/ProduccionesDocumentosReseñas",
			"request": {
				"method": "POST",
				"header": [],
				"body": {
					"mode": "raw",
					"raw": "{\n    \"documento_reseña\": \n    {\n        \"id\" : 2\n    },\n    \"autorEditor\" :\n    {\n        \"id\": 2\n    },  \n    \"orden\": \n    {\n        \"id\": 1\n    }\n}",
					"options": {
						"raw": {
							"language": "json"
						}
					}
				},
				"url": {
					"raw": "localhost:9898/v1/ProduccionDocumentoReseña",
					"host": [
						"localhost"
					],
					"port": "9898",
					"path": [
						"v1",
						"ProduccionDocumentoReseña"
					]
				}
			},
			"response": []
		},
		{
			"name": "localhost:9898/v1/Institucion2",
			"request": {
				"method": "POST",
				"header": [],
				"body": {
					"mode": "raw",
					"raw": " {\n    \"nombre\": \"\",\n    \"publica_privada\": 1,\n    \"tipo_institucion\": \"universidad privada\"\n}",
					"options": {
						"raw": {
							"language": "json"
						}
					}
				},
				"url": {
					"raw": "localhost:9898/v1/Institucion2",
					"host": [
						"localhost"
					],
					"port": "9898",
					"path": [
						"v1",
						"Institucion2"
					]
				}
			},
			"response": []
		},
		{
			"name": "localhost:9898/v1/Revista",
			"protocolProfileBehavior": {
				"disableBodyPruning": true
			},
			"request": {
				"method": "GET",
				"header": [],
				"body": {
					"mode": "raw",
					"raw": " {\n    \"nombre\": \"REVISTA2\",\n    \"numero\": 21,\n    \"issn\": \"ISSN1\"\n }",
					"options": {
						"raw": {
							"language": "json"
						}
					}
				},
				"url": {
					"raw": "localhost:9898/v1/Revistas",
					"host": [
						"localhost"
					],
					"port": "9898",
					"path": [
						"v1",
						"Revistas"
					]
				}
			},
			"response": []
		},
		{
			"name": "localhost:9898/v1/OrigenReporte",
			"request": {
				"method": "POST",
				"header": [],
				"body": {
					"mode": "raw",
					"raw": "{\n    \"origen\": \"origen1\"\n}",
					"options": {
						"raw": {
							"language": "json"
						}
					}
				},
				"url": {
					"raw": "localhost:9898/v1/OrigenReporte",
					"host": [
						"localhost"
					],
					"port": "9898",
					"path": [
						"v1",
						"OrigenReporte"
					]
				}
			},
			"response": []
		},
		{
			"name": "localhost:9898/v1/ProduccionesConferenciasPresentaciones",
			"request": {
				"method": "POST",
				"header": [],
				"body": {
					"mode": "raw",
					"raw": "{\n    \"conferenciaPresentacion\" :\n    {\n        \"id\" : 2\n    },\n    \"autor\" :\n    {\n        \"id\" :4\n    }\n}",
					"options": {
						"raw": {
							"language": "json"
						}
					}
				},
				"url": {
					"raw": "localhost:9898/v1/ProduccionConferenciaPresentacion",
					"host": [
						"localhost"
					],
					"port": "9898",
					"path": [
						"v1",
						"ProduccionConferenciaPresentacion"
					]
				}
			},
			"response": []
		},
		{
			"name": "localhost:9898/v1/ConferenciasPresentaciones",
			"request": {
				"method": "POST",
				"header": [],
				"body": {
					"mode": "raw",
					"raw": "{\n    \"conferencia_presentacion\" : false,\n    \"titulo\" : \"conferencia1\",\n    \"evento\" :  \"evento1\",\n    \"fecha_presentacion\" : \"2021-07-02\" ,\n    \"ciudad\" :  \"Ciudad de México\",\n    \"pais\" : \"México\"\n}",
					"options": {
						"raw": {
							"language": "json"
						}
					}
				},
				"url": {
					"raw": "localhost:9898/v1/ConferenciaPresentacion",
					"host": [
						"localhost"
					],
					"port": "9898",
					"path": [
						"v1",
						"ConferenciaPresentacion"
					]
				}
			},
			"response": []
		},
		{
			"name": "localhost:9898/v1/Reader",
			"request": {
				"method": "POST",
				"header": [],
				"body": {
					"mode": "urlencoded",
					"urlencoded": [
						{
							"key": "ruta",
							"value": "/Users/enriqueramirez/Library/CloudStorage/OneDrive-UniversidadAutónomaMetropolitanaUnidadAzcapotzalco/Escuela/Proyecto Terminal/EjemploCV.pdf",
							"type": "text"
						}
					]
				},
				"url": {
					"raw": "localhost:9898/v1/Reader",
					"host": [
						"localhost"
					],
					"port": "9898",
					"path": [
						"v1",
						"Reader"
					]
				}
			},
			"response": []
		},
		{
			"name": "localhost:9898/v1/RolParticipacion",
			"request": {
				"method": "POST",
				"header": [],
				"body": {
					"mode": "raw",
					"raw": "{\n    \"rol\": \"rol1\"\n}",
					"options": {
						"raw": {
							"language": "json"
						}
					}
				},
				"url": {
					"raw": "localhost:9898/v1/RolParticipacion",
					"host": [
						"localhost"
					],
					"port": "9898",
					"path": [
						"v1",
						"RolParticipacion"
					]
				}
			},
			"response": []
		},
		{
			"name": "localhost:9898/v1/RevistaFind",
			"request": {
				"method": "POST",
				"header": [],
				"body": {
					"mode": "raw",
					"raw": " {\n    \"nombre\": \"REVISTA1\",\n    \"numero\": 21,\n    \"issn\": \"ISSN1\"\n }",
					"options": {
						"raw": {
							"language": "json"
						}
					}
				},
				"url": {
					"raw": "localhost:9898/v1/Revista",
					"host": [
						"localhost"
					],
					"port": "9898",
					"path": [
						"v1",
						"Revista"
					]
				}
			},
			"response": []
		},
		{
			"name": "localhost:9898/v1/ProduccionConferenciaPresentacion",
			"protocolProfileBehavior": {
				"disableBodyPruning": true
			},
			"request": {
				"method": "GET",
				"header": [],
				"body": {
					"mode": "raw",
					"raw": "{\n    \"conferencia_presentacion\": \n    {\n        \"id\" : 1\n    },\n    \"autorEditor\" :\n    {\n        \"id\": 1\n    },  \n    \"orden\": \n    {\n        \"id\": 1\n    }\n}",
					"options": {
						"raw": {
							"language": "json"
						}
					}
				},
				"url": {
					"raw": "localhost:9898/v1/ProduccionConferenciaPresentacion",
					"host": [
						"localhost"
					],
					"port": "9898",
					"path": [
						"v1",
						"ProduccionConferenciaPresentacion"
					]
				}
			},
			"response": []
		},
		{
			"name": "localhost:9898/v1/TipoDesarrollo",
			"request": {
				"method": "POST",
				"header": [],
				"body": {
					"mode": "raw",
					"raw": "{\n    \"tipo\": \"tipo1\"\n}",
					"options": {
						"raw": {
							"language": "json"
						}
					}
				},
				"url": {
					"raw": "localhost:9898/v1/TipoDesarrollo",
					"host": [
						"localhost"
					],
					"port": "9898",
					"path": [
						"v1",
						"TipoDesarrollo"
					]
				}
			},
			"response": []
		},
		{
			"name": "localhost:9898/v1/DocumentoRespaldo",
			"request": {
				"method": "POST",
				"header": [],
				"body": {
					"mode": "raw",
					"raw": "{\n    \"docuemto\":\" docuemtno1\"\n}",
					"options": {
						"raw": {
							"language": "json"
						}
					}
				},
				"url": {
					"raw": "localhost:9898/v1/DocumentoRespaldo",
					"host": [
						"localhost"
					],
					"port": "9898",
					"path": [
						"v1",
						"DocumentoRespaldo"
					]
				}
			},
			"response": []
		}
	]
}